{"cameraMode":{"drawMode":0,"name":"Shaded","section":"Shading Mode"},"sceneLighting":false,"audioPlay":false,"sceneViewState":{"showFog":true,"showMaterialUpdate":false,"showSkybox":false,"showFlares":true,"showImageEffects":true,"showParticleSystems":true,"showVisualEffectGraphs":true,"m_FxEnabled":true},"in2DMode":false,"pivot":{"x":-0.7933478355407715,"y":1.285622239112854,"z":-2.5441479682922365},"rotation":{"x":-0.0015071335947141052,"y":0.9625841975212097,"z":-0.2716282606124878,"w":-0.011674218811094761},"size":2.404594659805298,"orthographic":false}