{"cameraMode":{"drawMode":0,"name":"Shaded","section":"Shading Mode"},"sceneLighting":false,"audioPlay":false,"sceneViewState":{"showFog":true,"showMaterialUpdate":false,"showSkybox":false,"showFlares":true,"showImageEffects":true,"showParticleSystems":true,"showVisualEffectGraphs":true,"m_FxEnabled":true},"in2DMode":false,"pivot":{"x":-0.1770799607038498,"y":1.3917745351791382,"z":-0.24913622438907624},"rotation":{"x":-0.010519184172153473,"y":-0.8170416355133057,"z":0.011569300666451455,"w":-0.5768444538116455},"size":0.3591364622116089,"orthographic":false}