{"cameraMode":{"drawMode":0,"name":"Shaded","section":"Shading Mode"},"sceneLighting":false,"audioPlay":false,"sceneViewState":{"showFog":true,"showMaterialUpdate":false,"showSkybox":false,"showFlares":true,"showImageEffects":true,"showParticleSystems":true,"showVisualEffectGraphs":true,"m_FxEnabled":true},"in2DMode":false,"pivot":{"x":-0.13961172103881837,"y":1.2597047090530396,"z":-0.8165017366409302},"rotation":{"x":-0.06638117134571076,"y":0.7942924499511719,"z":-0.09121973812580109,"w":-0.5973871946334839},"size":1.3088966608047486,"orthographic":false}